id,category,title,url,min_price,main_price,old_price,discount_rate,currency,storage,seller_count,star_rating,eval_count,review_count,recommend_rate,purchase_count,view_count,brand,pickup_days,delivery_days,seller,image_url,image_count,video_url,parse_date,region
101106174301,Полотенцесушители/Lemark,Комплект подключения Lemark LM03412S с квадратными вентилями,https://pokupki.market.yandex.ru/product/komplekt-podkliucheniia-lemark-lm03412s-s-kvadratnymi-ventiliami/101106174301?show-uid=16111792151804030640506001&offerid=hV6HHMb3fjAjattqGDJpeQ&lr=35&lr=35,3730,3730,3730,0,RUB,Склад  продавца,1,,,0,,0,38,Lemark,,5,Aqua Hype - Интернет магазин сантехники,avatars.mds.yandex.net/get-mpic/1865219/img_id817155057071018989.jpeg/orig,1,,21-01-2021 00:48:19,Краснодар
100893134053,Полотенцесушители/Lemark,"Полотенцесушитель электрический Lemark Status LM44607E П7 500x600, левый/правый",https://pokupki.market.yandex.ru/product/polotentsesushitel-elektricheskii-lemark-status-lm44607e-p7-500x600-levyi-pravyi/100893134053?show-uid=16111792151804030640506002&offerid=5Sil87tz0aZGPAuXOkiGAg&lr=35&lr=35,13631,13631,13631,0,RUB,Склад  Яндекс.Маркет ,1,,,0,,0,878,Lemark,2,2,Sanberry.ru,avatars.mds.yandex.net/get-mpic/1883514/img_id5585792588996693299.jpeg/orig,4,,21-01-2021 00:49:26,Краснодар
100893040611,Полотенцесушители/Lemark,Полотенцесушитель водяной Lemark Poseidon LM42607 П7 500x600,https://pokupki.market.yandex.ru/product/polotentsesushitel-vodianoi-lemark-poseidon-lm42607-p7-500x600/100893040611?show-uid=16111792151804030640506003&offerid=mFUhlZflO_BHf2GJ4c5uJA&lr=35&lr=35,10096,10096,10096,0,RUB,Склад  Яндекс.Маркет ,1,,,0,,0,798,Lemark,2,2,Sanberry.ru,avatars.mds.yandex.net/get-mpic/1673800/img_id6935491594432963968.jpeg/orig,4,,21-01-2021 00:49:54,Краснодар
100893134056,Полотенцесушители/Lemark,"Полотенцесушитель электрический Lemark Atlantiss LM32810RE П10 500x800, левый/правый",https://pokupki.market.yandex.ru/product/polotentsesushitel-elektricheskii-lemark-atlantiss-lm32810re-p10-500x800-levyi-pravyi/100893134056?show-uid=16111792151804030640506004&offerid=xa6yaZih1ALdv0hnMUkjKA&lr=35&lr=35,19781,19781,19781,0,RUB,Склад  Яндекс.Маркет ,1,,,0,,0,900,Lemark,4,2,Sanberry.ru,avatars.mds.yandex.net/get-mpic/1543318/img_id330287210785991709.jpeg/orig,4,,21-01-2021 00:50:26,Краснодар
100897745090,Полотенцесушители/Lemark,Полотенцесушитель водяной Lemark Luna LM41607 П7 500x600,https://pokupki.market.yandex.ru/product/polotentsesushitel-vodianoi-lemark-luna-lm41607-p7-500x600/100897745090?show-uid=16111792151804030640506005&offerid=3XdDgNtToV3ERr-kLcTSfQ&lr=35&lr=35,8971,8971,8971,0,RUB,Склад  Яндекс.Маркет ,1,,,0,,0,224,Lemark,2,2,Sanberry.ru,avatars.mds.yandex.net/get-mpic/1883514/img_id3767500348998215929.jpeg/orig,4,,21-01-2021 00:50:59,Краснодар
100893384806,Полотенцесушители/Lemark,Полотенцесушитель водяной Lemark Pramen LM33607 П7 500x600,https://pokupki.market.yandex.ru/product/polotentsesushitel-vodianoi-lemark-pramen-lm33607-p7-500x600/100893384806?show-uid=16111792151804030640506006&offerid=ksINtIJPuWst_RtGDLRa2w&lr=35&lr=35,10584,10584,10584,0,RUB,Склад  Яндекс.Маркет ,1,,,0,,0,943,Lemark,2,2,Sanberry.ru,avatars.mds.yandex.net/get-mpic/2017233/img_id4130514474443608844.jpeg/orig,4,,21-01-2021 00:51:34,Краснодар
100893053531,Полотенцесушители/Lemark,Полотенцесушитель водяной Lemark Luna LM41810 П10 500x800,https://pokupki.market.yandex.ru/product/polotentsesushitel-vodianoi-lemark-luna-lm41810-p10-500x800/100893053531?show-uid=16111792151804030640506007&offerid=Hc9r82bdilu351y80rvJ3A&lr=35&lr=35,11320,11320,11320,0,RUB,Склад  Яндекс.Маркет ,1,,,0,,0,134,Lemark,4,2,Sanberry.ru,avatars.mds.yandex.net/get-mpic/1859063/img_id5598391887983271712.jpeg/orig,4,,21-01-2021 00:52:34,Краснодар
100893134057,Полотенцесушители/Lemark,Полотенцесушитель водяной Lemark Linara LM04810 П10 500x800,https://pokupki.market.yandex.ru/product/polotentsesushitel-vodianoi-lemark-linara-lm04810-p10-500x800/100893134057?show-uid=16111792151804030640506008&offerid=_J3DGgh9KyjFCIWoS7dljg&lr=35&lr=35,13155,13155,13155,0,RUB,Склад  Яндекс.Маркет ,1,,,0,,0,819,Lemark,4,2,Sanberry.ru,avatars.mds.yandex.net/get-mpic/1578067/img_id3376855711810839950.jpeg/orig,4,,21-01-2021 00:53:38,Краснодар
100897787758,Полотенцесушители/Lemark,Полотенцесушитель водяной Lemark Atlantiss LM32607R П7 500x600,https://pokupki.market.yandex.ru/product/polotentsesushitel-vodianoi-lemark-atlantiss-lm32607r-p7-500x600/100897787758?show-uid=16111792151804030640506009&offerid=4tXPKBZ-1VvoDOJdCwjqbw&lr=35&lr=35,11785,11785,11785,0,RUB,Склад  Яндекс.Маркет ,1,,,0,,0,236,Lemark,2,2,Sanberry.ru,avatars.mds.yandex.net/get-mpic/1861069/img_id5122573426088729936.jpeg/orig,4,,21-01-2021 00:54:42,Краснодар
100893053527,Полотенцесушители/Lemark,"Полотенцесушитель электрический Lemark Poseidon LM42607E П7 500x600, левый/правый",https://pokupki.market.yandex.ru/product/polotentsesushitel-elektricheskii-lemark-poseidon-lm42607e-p7-500x600-levyi-pravyi/100893053527?show-uid=16111792151804030640506010&offerid=yvgv6C0kGl38EBM0lN3Yyw&lr=35&lr=35,15392,15392,15392,0,RUB,Склад  Яндекс.Маркет ,1,,,0,,0,862,Lemark,2,2,Sanberry.ru,avatars.mds.yandex.net/get-mpic/1705137/img_id954396572875663027.jpeg/orig,4,,21-01-2021 00:55:47,Краснодар
100893408775,Полотенцесушители/Lemark,"Полотенцесушитель электрический Lemark Luna LM41810E П10 500x800, левый/правый",https://pokupki.market.yandex.ru/product/polotentsesushitel-elektricheskii-lemark-luna-lm41810e-p10-500x800-levyi-pravyi/100893408775?show-uid=16111792151804030640506011&offerid=04A1rPOdeJZQAj5maquT9A&lr=35&lr=35,16618,16618,16618,0,RUB,Склад  Яндекс.Маркет ,1,,,0,,0,865,Lemark,4,2,Sanberry.ru,avatars.mds.yandex.net/get-mpic/1733932/img_id1299564522602906779.jpeg/orig,4,,21-01-2021 00:56:17,Краснодар
100893040609,Полотенцесушители/Lemark,"Полотенцесушитель электрический Lemark Poseidon LM42810E П10 500x800, левый/правый",https://pokupki.market.yandex.ru/product/polotentsesushitel-elektricheskii-lemark-poseidon-lm42810e-p10-500x800-levyi-pravyi/100893040609?show-uid=16111792151804030640506012&offerid=NwPliPd18YzPLYtkY5Qv6w&lr=35&lr=35,17506,17506,17506,0,RUB,Склад  Яндекс.Маркет ,1,,,0,,0,861,Lemark,4,2,Sanberry.ru,avatars.mds.yandex.net/get-mpic/1943683/img_id4248761989906322557.jpeg/orig,4,,21-01-2021 00:57:21,Краснодар
100893136005,Полотенцесушители/Lemark,Полотенцесушитель водяной Lemark Melange LM49607 П7 500x600,https://pokupki.market.yandex.ru/product/polotentsesushitel-vodianoi-lemark-melange-lm49607-p7-500x600/100893136005?show-uid=16111792151804030640506013&offerid=8vI_n1ynStOHeXr0y_lhGA&lr=35&lr=35,9950,9950,9950,0,RUB,Склад  Яндекс.Маркет ,1,,,0,,0,819,Lemark,2,2,Sanberry.ru,avatars.mds.yandex.net/get-mpic/1729672/img_id540523115577637539.jpeg/orig,4,,21-01-2021 00:57:59,Краснодар
100893408776,Полотенцесушители/Lemark,"Полотенцесушитель электрический Lemark Status LM44810E П10 500x800, левый/правый",https://pokupki.market.yandex.ru/product/polotentsesushitel-elektricheskii-lemark-status-lm44810e-p10-500x800-levyi-pravyi/100893408776?show-uid=16111792151804030640506014&offerid=ekl4NchLd9ew-Zu5dEIrMg&lr=35&lr=35,15775,15775,15775,0,RUB,Склад  Яндекс.Маркет ,1,,,0,,0,904,Lemark,4,4,Sanberry.ru,avatars.mds.yandex.net/get-mpic/1544149/img_id5374240157535489622.jpeg/orig,4,,21-01-2021 00:58:27,Краснодар
100904532978,Полотенцесушители/Lemark,Полотенцесушитель водяной Lemark Atlantiss LM32810R П10 500x800,https://pokupki.market.yandex.ru/product/polotentsesushitel-vodianoi-lemark-atlantiss-lm32810r-p10-500x800/100904532978?show-uid=16111792151804030640506015&offerid=C9Df3RBqIW_4GcjwC4d_KQ&lr=35&lr=35,14485,14485,14485,0,RUB,Склад  Яндекс.Маркет ,1,,,0,,0,751,Lemark,4,2,Sanberry.ru,avatars.mds.yandex.net/get-mpic/1680954/img_id7853188440368823088.jpeg/orig,4,,21-01-2021 00:58:53,Краснодар
100893134054,Полотенцесушители/Lemark,"Полотенцесушитель электрический Lemark Linara LM04810E П10 500x800, левый/правый",https://pokupki.market.yandex.ru/product/polotentsesushitel-elektricheskii-lemark-linara-lm04810e-p10-500x800-levyi-pravyi/100893134054?show-uid=16111792151804030640506016&offerid=gJ4uagnJ4DsLNlZeFGbxQw&lr=35&lr=35,18451,18451,18451,0,RUB,Склад  Яндекс.Маркет ,1,,,0,,0,888,Lemark,4,2,Sanberry.ru,avatars.mds.yandex.net/get-mpic/1568604/img_id2809914252562010170.jpeg/orig,4,,21-01-2021 00:59:58,Краснодар
100896909726,Полотенцесушители/Lemark,"Полотенцесушитель электрический Lemark Bellario LM68607E П7 500x600, левый/правый",https://pokupki.market.yandex.ru/product/polotentsesushitel-elektricheskii-lemark-bellario-lm68607e-p7-500x600-levyi-pravyi/100896909726?show-uid=16111792151804030640506017&offerid=DTA7bTM-bCqVEhaxZLlkbA&lr=35&lr=35,15879,15879,15879,0,RUB,Склад  Яндекс.Маркет ,1,,,0,,0,169,Lemark,2,2,Sanberry.ru,avatars.mds.yandex.net/get-mpic/1545401/img_id3074411509921169.jpeg/orig,4,,21-01-2021 01:00:27,Краснодар
100897444702,Полотенцесушители/Lemark,"Полотенцесушитель электрический Lemark Linara LM04607E П7 500x600, левый/правый",https://pokupki.market.yandex.ru/product/polotentsesushitel-elektricheskii-lemark-linara-lm04607e-p7-500x600-levyi-pravyi/100897444702?show-uid=16111792151804030640506018&offerid=R1DfSb2kyVGbm812IVHwog&lr=35&lr=35,16320,16320,16320,0,RUB,Склад  Яндекс.Маркет ,1,,,0,,0,135,Lemark,2,2,Sanberry.ru,avatars.mds.yandex.net/get-mpic/1681399/img_id4899819396782199878.jpeg/orig,4,,21-01-2021 01:01:32,Краснодар
101106175450,Полотенцесушители/Lemark,Комплект подключения Lemark LM03412R с круглыми вентилями,https://pokupki.market.yandex.ru/product/komplekt-podkliucheniia-lemark-lm03412r-s-kruglymi-ventiliami/101106175450?show-uid=16111792151804030640506019&offerid=3orNeMBYKyr6541Czndcjw&lr=35&lr=35,2800,2800,2800,0,RUB,Склад  продавца,1,,,1,,0,50,Lemark,,5,Aqua Hype - Интернет магазин сантехники,avatars.mds.yandex.net/get-mpic/1704682/img_id4942256990003252433.jpeg/orig,1,,21-01-2021 01:01:58,Краснодар
101117812045,Полотенцесушители/Lemark,"Полотенцесушитель водяной Lemark Unit П7 LM45607BL 500x600, черный",https://pokupki.market.yandex.ru/product/polotentsesushitel-vodianoi-lemark-unit-p7-lm45607bl-500x600-chernyi/101117812045?show-uid=16111792151804030640506020&offerid=sL7ZG9wWMAn8DSGMKcvl5g&lr=35&lr=35,13282,13282,13282,0,RUB,Склад  продавца,1,,,0,,0,0,Lemark,5,5,РомСан,avatars.mds.yandex.net/get-mpic/1636931/img_id5190202752606095112.jpeg/orig,1,,21-01-2021 01:03:01,Краснодар
101106078958,Полотенцесушители/Lemark,"Полотенцесушитель водяной Lemark Atlantiss П7 LM32607RBL 500x600, черный",https://pokupki.market.yandex.ru/product/polotentsesushitel-vodianoi-lemark-atlantiss-p7-lm32607rbl-500x600-chernyi/101106078958?show-uid=16111792151804030640506021&offerid=0QK0ibKvNBTSq5C86QoruA&lr=35&lr=35,13928,13928,13928,0,RUB,Склад  продавца,1,,,0,,0,0,Lemark,5,5,РомСан,avatars.mds.yandex.net/get-mpic/1537623/img_id7652147866396050613.jpeg/orig,1,,21-01-2021 01:03:28,Краснодар
100893295783,Полотенцесушители/Lemark,Полотенцесушитель водяной Lemark Poseidon LM42810 П10 500x800,https://pokupki.market.yandex.ru/product/polotentsesushitel-vodianoi-lemark-poseidon-lm42810-p10-500x800/100893295783?show-uid=16111792151804030640506022&offerid=0WuzrgoklW__bX9Eez7zeA&lr=35&lr=35,12209,12209,12209,0,RUB,Склад  Яндекс.Маркет ,1,,,0,,0,93,Lemark,4,2,Sanberry.ru,avatars.mds.yandex.net/get-mpic/1597983/img_id7581431433351379847.jpeg/orig,4,,21-01-2021 01:04:40,Краснодар
101105403720,Полотенцесушители/Lemark,"Полотенцесушитель электрический Lemark Atlantiss П7 LM32607REBL 500x600, левый/правый, черный",https://pokupki.market.yandex.ru/product/polotentsesushitel-elektricheskii-lemark-atlantiss-p7-lm32607rebl-500x600-levyi-pravyi-chernyi/101105403720?show-uid=16111792151804030640506023&offerid=UWQteAlKZu-AMHwsY_qgDQ&lr=35&lr=35,19766,19766,19766,0,RUB,Склад  продавца,1,,,0,,0,0,Lemark,5,5,РомСан,avatars.mds.yandex.net/get-mpic/1599966/img_id4185870530500854279.jpeg/orig,1,,21-01-2021 01:05:45,Краснодар
101117812039,Полотенцесушители/Lemark,"Полотенцесушитель электрический Lemark Unit П7 LM45607EBL 500x600, левый/правый, черный",https://pokupki.market.yandex.ru/product/polotentsesushitel-elektricheskii-lemark-unit-p7-lm45607ebl-500x600-levyi-pravyi-chernyi/101117812039?show-uid=16111792151804030640506024&offerid=xVr9qBxu3FJCyUWSyy5QSA&lr=35&lr=35,19102,19102,19102,0,RUB,Склад  продавца,1,,,0,,0,0,Lemark,5,5,РомСан,avatars.mds.yandex.net/get-mpic/1543318/img_id4897113438421423427.jpeg/orig,1,,21-01-2021 01:06:14,Краснодар
101106128911,Полотенцесушители/Lemark,"Полотенцесушитель водяной Lemark Atlantiss П10 LM32810RBL 500x800, черный",https://pokupki.market.yandex.ru/product/polotentsesushitel-vodianoi-lemark-atlantiss-p10-lm32810rbl-500x800-chernyi/101106128911?show-uid=16111803800027920690006025&offerid=tH5u5tYazpIAyhZ5xKFCUQ&lr=35&lr=35,16628,16628,16628,0,RUB,Склад  продавца,1,,,0,,0,0,Lemark,5,5,РомСан,avatars.mds.yandex.net/get-mpic/2002045/img_id8344252041553850204.jpeg/orig,1,,21-01-2021 01:06:56,Краснодар
101106105946,Полотенцесушители/Lemark,"Полотенцесушитель электрический Lemark Atlantiss П10 LM32810REBL 500x800, левый/правый, черный",https://pokupki.market.yandex.ru/product/polotentsesushitel-elektricheskii-lemark-atlantiss-p10-lm32810rebl-500x800-levyi-pravyi-chernyi/101106105946?show-uid=16111803800027920690006026&offerid=95Kd5f9_ouPohoZnoEwvqg&lr=35&lr=35,22543,22543,22543,0,RUB,Склад  продавца,1,,,0,,0,0,Lemark,5,5,РомСан,avatars.mds.yandex.net/get-mpic/1526692/img_id996017634022575020.jpeg/orig,1,,21-01-2021 01:08:01,Краснодар
100916292731,Полотенцесушители/Lemark,Водяной полотенцесушитель Lemark Melange П10 500x800 хром,https://pokupki.market.yandex.ru/product/vodianoi-polotentsesushitel-lemark-melange-p10-500x800-khrom/100916292731?show-uid=16111803800027920690006027&offerid=BPpg2HR20UT-6JHKoCuYIw&lr=35&lr=35,12385,12385,12385,0,RUB,Склад  продавца,1,,,0,100%,0,143,Lemark,5,5,SANBRAVO,avatars.mds.yandex.net/get-mpic/1859063/img_id470168717226932302.jpeg/orig,3,,21-01-2021 01:08:28,Краснодар
100916674780,Полотенцесушители/Lemark,Водяной полотенцесушитель Lemark Unit П10 500x800 хром,https://pokupki.market.yandex.ru/product/vodianoi-polotentsesushitel-lemark-unit-p10-500x800-khrom/100916674780?show-uid=16111803800027920690006028&offerid=oQsKBJwIO1o1F-Z33Pkn-A&lr=35&lr=35,13970,13970,13970,0,RUB,Склад  Яндекс.Маркет ,1,,,0,,0,1238,Lemark,4,4,Sanberry.ru,avatars.mds.yandex.net/get-mpic/1705137/img_id890334078291275934.jpeg/orig,4,,21-01-2021 01:09:30,Краснодар
100916283731,Полотенцесушители/Lemark,Электрический полотенцесушитель Lemark Pramen П10 500x800 хром,https://pokupki.market.yandex.ru/product/elektricheskii-polotentsesushitel-lemark-pramen-p10-500x800-khrom/100916283731?show-uid=16111803800027920690006029&offerid=0mJKLF36zRjon2zqP_IEsA&lr=35&lr=35,17729,17729,17729,0,RUB,Склад  продавца,1,"5,0",5,2,75%,0,414,Lemark,5,5,SANBRAVO,avatars.mds.yandex.net/get-mpic/1543318/img_id1782293825733809018.jpeg/orig,4,,21-01-2021 01:10:01,Краснодар
101168120848,Полотенцесушители/Lemark,"Полотенцесушитель электрический Lemark Atlantiss П7 LM32607REBL 500x600, левый/правый, черный",https://pokupki.market.yandex.ru/product/polotentsesushitel-elektricheskii-lemark-atlantiss-p7-lm32607rebl-500x600-levyi-pravyi-chernyi/101168120848?show-uid=16111803800027920690006030&offerid=a27rg6mJLxSZEoQi7kaO_A&lr=35&lr=35,19766,19766,19766,0,RUB,Склад  продавца,1,,,0,,0,0,Lemark,5,5,SANBRAVO,avatars.mds.yandex.net/get-mpic/3918703/img_id8924400793838708930.jpeg/orig,1,,21-01-2021 01:11:15,Краснодар
101168119838,Полотенцесушители/Lemark,"Полотенцесушитель водяной Lemark Atlantiss П10 LM32810RBL 500x800, черный",https://pokupki.market.yandex.ru/product/polotentsesushitel-vodianoi-lemark-atlantiss-p10-lm32810rbl-500x800-chernyi/101168119838?show-uid=16111803800027920690006031&offerid=p8LLvlp5mEGQP1CBt3kPhA&lr=35&lr=35,16628,16628,16628,0,RUB,Склад  продавца,1,,,0,,0,0,Lemark,5,5,SANBRAVO,avatars.mds.yandex.net/get-mpic/1687058/img_id2898259721946920820.jpeg/orig,1,,21-01-2021 01:12:22,Краснодар
100916279730,Полотенцесушители/Lemark,Водяной полотенцесушитель Lemark Poseidon П10 500x800 хром,https://pokupki.market.yandex.ru/product/vodianoi-polotentsesushitel-lemark-poseidon-p10-500x800-khrom/100916279730?show-uid=16111803800027920690006032&offerid=J1sRyq1fkdTCEXkXrGRbRQ&lr=35&lr=35,12209,12209,12209,0,RUB,Склад  продавца,2,,,0,,0,63,Lemark,,5,Aqua Hype - Интернет магазин сантехники,avatars.mds.yandex.net/get-mpic/1928572/img_id3636104405523237640.jpeg/orig,4,,21-01-2021 01:13:45,Краснодар
100916669767,Полотенцесушители/Lemark,Водяной полотенцесушитель Lemark Status П10 500x800 хром,https://pokupki.market.yandex.ru/product/vodianoi-polotentsesushitel-lemark-status-p10-500x800-khrom/100916669767?show-uid=16111803800027920690006033&offerid=O70MLA3LrmlIAZKx0q8q3Q&lr=35&lr=35,10478,10478,10478,0,RUB,Склад  продавца,1,,,0,,0,1124,Lemark,5,5,SANTLIFE,avatars.mds.yandex.net/get-mpic/1865219/img_id5033032580800094960.jpeg/orig,4,,21-01-2021 01:14:19,Краснодар
101167390915,Полотенцесушители/Lemark,"Полотенцесушитель водяной Lemark Atlantiss П7 LM32607RBL 500x600, черный",https://pokupki.market.yandex.ru/product/polotentsesushitel-vodianoi-lemark-atlantiss-p7-lm32607rbl-500x600-chernyi/101167390915?show-uid=16111803800027920690006034&offerid=NxpAaMxP7Y5AcaHT4Y7Ljg&lr=35&lr=35,13928,13928,13928,0,RUB,Склад  продавца,1,,,0,,0,0,Lemark,5,5,SANBRAVO,avatars.mds.yandex.net/get-mpic/3934197/img_id4616001737500823218.jpeg/orig,1,,21-01-2021 01:15:24,Краснодар
100915983730,Полотенцесушители/Lemark,Водяной полотенцесушитель Lemark Pramen П7 500x600 хром,https://pokupki.market.yandex.ru/product/vodianoi-polotentsesushitel-lemark-pramen-p7-500x600-khrom/100915983730?show-uid=16111803800027920690006035&offerid=68L8LE6Jmqttl5N25TwKpA&lr=35&lr=35,10584,10584,10584,0,RUB,Склад  продавца,1,,,0,,0,62,Lemark,5,5,SANBRAVO,avatars.mds.yandex.net/get-mpic/1574389/img_id4238225528845860751.jpeg/orig,4,,21-01-2021 01:15:53,Краснодар
100916305751,Полотенцесушители/Lemark,Водяной полотенцесушитель Lemark Linara П7 500x600 хром,https://pokupki.market.yandex.ru/product/vodianoi-polotentsesushitel-lemark-linara-p7-500x600-khrom/100916305751?show-uid=16111803800027920690006036&offerid=-upSQ_Rkyqo9W3TaZFudPQ&lr=35&lr=35,11023,11023,11023,0,RUB,Склад  продавца,1,,,0,,0,54,Lemark,5,5,SANTLIFE,avatars.mds.yandex.net/get-mpic/1767151/img_id7879060946872945517.jpeg/orig,4,,21-01-2021 01:16:21,Краснодар
100916680741,Полотенцесушители/Lemark,Электрический полотенцесушитель Lemark Mars П7 500x600 хром,https://pokupki.market.yandex.ru/product/elektricheskii-polotentsesushitel-lemark-mars-p7-500x600-khrom/100916680741?show-uid=16111803800027920690006037&offerid=7peVezrmdwTzvzIohK1w2Q&lr=35&lr=35,17405,17405,17405,0,RUB,Склад  продавца,1,,,1,,0,65,Lemark,5,5,SANBRAVO,avatars.mds.yandex.net/get-mpic/1656415/img_id3017474343158272773.jpeg/orig,4,,21-01-2021 01:17:20,Краснодар
100916672767,Полотенцесушители/Lemark,Водяной полотенцесушитель Lemark Mars П7 500x600 хром,https://pokupki.market.yandex.ru/product/vodianoi-polotentsesushitel-lemark-mars-p7-500x600-khrom/100916672767?show-uid=16111803800027920690006038&offerid=deaLnI04TdlZLdOocqL2zQ&lr=35&lr=35,12107,12107,12107,0,RUB,Склад  продавца,1,,,0,,0,117,Lemark,5,5,SANTLIFE,avatars.mds.yandex.net/get-mpic/1713519/img_id9073258033542955593.jpeg/orig,4,,21-01-2021 01:17:46,Краснодар
100915184783,Полотенцесушители/Lemark,Водяной полотенцесушитель Lemark Pramen П10 500x800 хром,https://pokupki.market.yandex.ru/product/vodianoi-polotentsesushitel-lemark-pramen-p10-500x800-khrom/100915184783?show-uid=16111803800027920690006039&offerid=XKxunsMCzigxZM7hrkV7DQ&lr=35&lr=35,12432,12432,12432,0,RUB,Склад  продавца,2,,,1,,0,113,Lemark,,5,Aqua Hype - Интернет магазин сантехники,avatars.mds.yandex.net/get-mpic/1859495/img_id780989310524919476.jpeg/orig,4,,21-01-2021 01:18:12,Краснодар
100916669764,Полотенцесушители/Lemark,Электрический полотенцесушитель Lemark Mars П10 500x800 хром,https://pokupki.market.yandex.ru/product/elektricheskii-polotentsesushitel-lemark-mars-p10-500x800-khrom/100916669764?show-uid=16111803800027920690006040&offerid=QdRH3B_9sF4FlVn1AK__Ug&lr=35&lr=35,20499,20499,20499,0,RUB,Склад  продавца,2,,,0,,0,59,Lemark,,5,Aqua Hype - Интернет магазин сантехники,avatars.mds.yandex.net/get-mpic/1680954/img_id6127766126220919567.jpeg/orig,4,,21-01-2021 01:18:38,Краснодар
100915030818,Полотенцесушители/Lemark,Электрический полотенцесушитель Lemark Pramen П7 500x600 хром,https://pokupki.market.yandex.ru/product/elektricheskii-polotentsesushitel-lemark-pramen-p7-500x600-khrom/100915030818?show-uid=16111803800027920690006041&offerid=yDJJcU2I1Vst86Nry6nFZQ&lr=35&lr=35,15880,15880,15880,0,RUB,Склад  продавца,1,"5,0",3,0,100%,0,129,Lemark,5,5,SANTLIFE,avatars.mds.yandex.net/get-mpic/1715213/img_id3017761212359657704.jpeg/orig,4,,21-01-2021 01:19:40,Краснодар
101124881439,Полотенцесушители/Lemark,Электрический полотенцесушитель Lemark Melange П7 500x600 Э белый,https://pokupki.market.yandex.ru/product/elektricheskii-polotentsesushitel-lemark-melange-p7-500x600-e-belyi/101124881439?show-uid=16111803800027920690006042&offerid=Vy7JPuJ7MF-NJWiacywpbw&lr=35&lr=35,17879,17879,17879,0,RUB,Склад  продавца,1,,,0,,0,208,Lemark,5,5,РомСан,avatars.mds.yandex.net/get-mpic/1930823/img_id1378037322289131241.jpeg/orig,3,,21-01-2021 01:20:06,Краснодар
100916680742,Полотенцесушители/Lemark,Водяной полотенцесушитель Lemark Mars П10 500x800 хром,https://pokupki.market.yandex.ru/product/vodianoi-polotentsesushitel-lemark-mars-p10-500x800-khrom/100916680742?show-uid=16111803800027920690006043&offerid=OKcXXXciEg3gTmqBpXUWAQ&lr=35&lr=35,15203,15203,15203,0,RUB,Склад  продавца,1,,,0,,0,67,Lemark,5,5,SANTLIFE,avatars.mds.yandex.net/get-mpic/1866031/img_id4559688650270752924.jpeg/orig,4,,21-01-2021 01:21:10,Краснодар
100916677744,Полотенцесушители/Lemark,Водяной полотенцесушитель Lemark Luna П10 500x800 хром,https://pokupki.market.yandex.ru/product/vodianoi-polotentsesushitel-lemark-luna-p10-500x800-khrom/100916677744?show-uid=16111803800027920690006044&offerid=H3E5ioo_jPKZb-v_MoorzA&lr=35&lr=35,11320,11320,11320,0,RUB,Склад  продавца,1,,,0,,0,72,Lemark,5,5,SANTLIFE,avatars.mds.yandex.net/get-mpic/1715800/img_id7121013099344146393.jpeg/orig,4,,21-01-2021 01:21:36,Краснодар
100916674782,Полотенцесушители/Lemark,Электрический полотенцесушитель Lemark Unit П10 500x800 ТЭН хром,https://pokupki.market.yandex.ru/product/elektricheskii-polotentsesushitel-lemark-unit-p10-500x800-ten-khrom/100916674782?show-uid=16111803800027920690006045&offerid=NAy_D-2RN-zyKWPkyimUXA&lr=35&lr=35,19267,19267,19267,0,RUB,Склад  продавца,1,,,0,,0,1056,Lemark,5,5,SANTLIFE,avatars.mds.yandex.net/get-mpic/1544149/img_id9103855283668177708.jpeg/orig,5,,21-01-2021 01:22:03,Краснодар
100916674779,Полотенцесушители/Lemark,Водяной полотенцесушитель Lemark Bellario П10 500x800 хром,https://pokupki.market.yandex.ru/product/vodianoi-polotentsesushitel-lemark-bellario-p10-500x800-khrom/100916674779?show-uid=16111803800027920690006046&offerid=REHqy8Vxni9VpMBJWV7P7Q&lr=35&lr=35,13207,13207,13207,0,RUB,Склад  продавца,1,,,0,,0,1146,Lemark,5,5,SANBRAVO,avatars.mds.yandex.net/get-mpic/1636931/img_id6833014650693990806.jpeg/orig,4,,21-01-2021 01:23:01,Краснодар
100916291736,Полотенцесушители/Lemark,Электрический полотенцесушитель Lemark Melange П10 500x800 Э хром,https://pokupki.market.yandex.ru/product/elektricheskii-polotentsesushitel-lemark-melange-p10-500x800-e-khrom/100916291736?show-uid=16111803800027920690006047&offerid=-5zz60hy91r0rzO_pQsHqg&lr=35&lr=35,17682,17682,17682,0,RUB,Склад  продавца,1,,,0,,0,91,Lemark,5,5,SANBRAVO,avatars.mds.yandex.net/get-mpic/2002045/img_id7498451351259165363.jpeg/orig,4,,21-01-2021 01:24:03,Краснодар
100916669769,Полотенцесушители/Lemark,Электрический полотенцесушитель Lemark Status П10 500x800 хром,https://pokupki.market.yandex.ru/product/elektricheskii-polotentsesushitel-lemark-status-p10-500x800-khrom/100916669769?show-uid=16111803800027920690006048&offerid=KSJAvKreqfS1dCUHeRaeYg&lr=35&lr=35,15775,15775,15775,0,RUB,Склад  продавца,2,,,1,,0,91,Lemark,,5,Aqua Hype - Интернет магазин сантехники,avatars.mds.yandex.net/get-mpic/1883514/img_id4238645792767733059.jpeg/orig,4,,21-01-2021 01:24:30,Краснодар
100916304748,Полотенцесушители/Lemark,Электрический полотенцесушитель Lemark Linara П10 500x800 хром,https://pokupki.market.yandex.ru/product/elektricheskii-polotentsesushitel-lemark-linara-p10-500x800-khrom/100916304748?show-uid=16111814738635101821206049&offerid=-dwghIj24WPpprpX0yZ_nw&lr=35&lr=35,18451,18451,18451,0,RUB,Склад  продавца,2,,,0,,0,58,Lemark,,5,Aqua Hype - Интернет магазин сантехники,avatars.mds.yandex.net/get-mpic/2017233/img_id5043167903887147373.jpeg/orig,4,,21-01-2021 01:25:42,Краснодар
100916303747,Полотенцесушители/Lemark,Водяной полотенцесушитель Lemark Linara П10 500x800 хром,https://pokupki.market.yandex.ru/product/vodianoi-polotentsesushitel-lemark-linara-p10-500x800-khrom/100916303747?show-uid=16111814738635101821206050&offerid=BWL70LtOQeCpXqRksG2V3Q&lr=35&lr=35,13155,13155,13155,0,RUB,Склад  продавца,2,,,0,,0,66,Lemark,,5,Aqua Hype - Интернет магазин сантехники,avatars.mds.yandex.net/get-mpic/1597983/img_id4562008639330727053.jpeg/orig,4,,21-01-2021 01:26:11,Краснодар
100916291736,Полотенцесушители/Lemark,Электрический полотенцесушитель Lemark Melange П10 500x800 Э хром,https://pokupki.market.yandex.ru/product/elektricheskii-polotentsesushitel-lemark-melange-p10-500x800-e-khrom/100916291736?show-uid=16111814738635101821206051&offerid=RHuAjkiB19bmmjQuYdRpSA&lr=35&lr=35,17682,17682,17682,0,RUB,Склад  продавца,2,,,0,,0,91,Lemark,,5,Aqua Hype - Интернет магазин сантехники,avatars.mds.yandex.net/get-mpic/2002045/img_id7498451351259165363.jpeg/orig,4,,21-01-2021 01:27:15,Краснодар
100916285734,Полотенцесушители/Lemark,Водяной полотенцесушитель Lemark Poseidon П7 500x600 хром,https://pokupki.market.yandex.ru/product/vodianoi-polotentsesushitel-lemark-poseidon-p7-500x600-khrom/100916285734?show-uid=16111814738635101821206052&offerid=Ng6TqDVKWGeACWjFV1_f9g&lr=35&lr=35,10096,10096,10096,0,RUB,Склад  продавца,2,,,0,,0,57,Lemark,,5,Aqua Hype - Интернет магазин сантехники,avatars.mds.yandex.net/get-mpic/1853752/img_id9205798658051623261.jpeg/orig,4,,21-01-2021 01:27:42,Краснодар
100916669767,Полотенцесушители/Lemark,Водяной полотенцесушитель Lemark Status П10 500x800 хром,https://pokupki.market.yandex.ru/product/vodianoi-polotentsesushitel-lemark-status-p10-500x800-khrom/100916669767?show-uid=16111814738635101821206053&offerid=EYrCTXDIiChwKut7V7gjRg&lr=35&lr=35,10478,10478,10478,0,RUB,Склад  продавца,2,,,0,,0,1124,Lemark,,5,Aqua Hype - Интернет магазин сантехники,avatars.mds.yandex.net/get-mpic/1865219/img_id5033032580800094960.jpeg/orig,4,,21-01-2021 01:28:09,Краснодар
100916279730,Полотенцесушители/Lemark,Водяной полотенцесушитель Lemark Poseidon П10 500x800 хром,https://pokupki.market.yandex.ru/product/vodianoi-polotentsesushitel-lemark-poseidon-p10-500x800-khrom/100916279730?show-uid=16111814738635101821206054&offerid=ayRqXqYxDX6_S96lOdg_Eg&lr=35&lr=35,12209,12209,12209,0,RUB,Склад  продавца,1,,,0,,0,63,Lemark,5,5,SANTLIFE,avatars.mds.yandex.net/get-mpic/1928572/img_id3636104405523237640.jpeg/orig,4,,21-01-2021 01:28:36,Краснодар
100916672745,Полотенцесушители/Lemark,Водяной полотенцесушитель Lemark Luna П7 500x600 хром,https://pokupki.market.yandex.ru/product/vodianoi-polotentsesushitel-lemark-luna-p7-500x600-khrom/100916672745?show-uid=16111814738635101821206055&offerid=LPPOK9Zizefp7agw7W2f8Q&lr=35&lr=35,8971,8971,8971,0,RUB,Склад  продавца,1,,,0,,0,57,Lemark,5,5,SANTLIFE,avatars.mds.yandex.net/get-mpic/1909520/img_id4132219356011696656.jpeg/orig,4,,21-01-2021 01:29:41,Краснодар
100916674770,Полотенцесушители/Lemark,Электрический полотенцесушитель Lemark Atlantiss П10 500x800 хром,https://pokupki.market.yandex.ru/product/elektricheskii-polotentsesushitel-lemark-atlantiss-p10-500x800-khrom/100916674770?show-uid=16111814738635101821206056&offerid=Yh1jC2mewUvtSFPGFC5g2g&lr=35&lr=35,19781,19781,19781,0,RUB,Склад  продавца,2,,,0,,0,43,Lemark,,5,Aqua Hype - Интернет магазин сантехники,avatars.mds.yandex.net/get-mpic/1923211/img_id5429701004070889186.jpeg/orig,4,,21-01-2021 01:30:50,Краснодар
