100990925011,"Души, душевые панели, гарнитуры/Grohenberg",Душевая система Grohenberg SHOWER GB7007-1NO черная матовая,https://pokupki.market.yandex.ru/product/dushevaia-sistema-grohenberg-shower-gb7007-1no-chernaia-matovaia/100990925011?show-uid=16110093202485518446806001&offerid=_iaZXCBiP1D1lnXN2OIQqA&lr=47&lr=47,25000,25000,25000,0,RUB,Склад  Яндекс.Маркет ,1,,,0,,0,135,Grohenberg,3,3,Гигиенический душ.ру интернет магазин сантехники,avatars.mds.yandex.net/get-mpic/1597983/img_id2969065302092825876.jpeg/orig,2,,19-01-2021 01:35:51,Нижний Новгород
100994237466,"Души, душевые панели, гарнитуры/Grohenberg",Гигиенический душ с настенным смесителем Grohenberg Gb103N хром,https://pokupki.market.yandex.ru/product/gigienicheskii-dush-s-nastennym-smesitelem-grohenberg-gb103n-khrom/100994237466?show-uid=16110093202485518446806002&offerid=6TPq7CVZG6lVQjXPU16uvg&lr=47&lr=47,5000,5000,5000,0,RUB,Склад  Яндекс.Маркет ,1,,,0,,0,65,Grohenberg,1,1,Гигиенический душ.ру интернет магазин сантехники,avatars.mds.yandex.net/get-mpic/1568604/img_id57092328470026168.jpeg/orig,0,,19-01-2021 01:36:17,Нижний Новгород
100990932775,Смесители/Grohenberg,Смеситель для раковины Grohenberg GB3007NO черный матовый,https://pokupki.market.yandex.ru/product/smesitel-dlia-rakoviny-grohenberg-gb3007no-chernyi-matovyi/100990932775?show-uid=16110093202485518446806003&offerid=brGHc-jegTXA9FuuyKTUUw&lr=47&lr=47,10000,10000,10000,0,RUB,Склад  Яндекс.Маркет ,1,,,0,,0,0,Grohenberg,1,1,Гигиенический душ.ру интернет магазин сантехники,avatars.mds.yandex.net/get-mpic/1866164/img_id4135625669494839792.jpeg/orig,2,,19-01-2021 01:36:43,Нижний Новгород
100939351817,"Души, душевые панели, гарнитуры/Grohenberg",Душевая система скрытого монтажа Grohenberg GB5007NO черная,https://pokupki.market.yandex.ru/product/dushevaia-sistema-skrytogo-montazha-grohenberg-gb5007no-chernaia/100939351817?show-uid=16110093202485518446806004&offerid=7uuzgt3ckvpED-6vQZuStQ&lr=47&lr=47,22440,22440,22440,0,RUB,Склад  Яндекс.Маркет ,1,,,0,,0,130,Grohenberg,1,1,Гигиенический душ.ру интернет магазин сантехники,avatars.mds.yandex.net/get-mpic/1884605/img_id3386066159457910141.jpeg/orig,0,,19-01-2021 01:37:09,Нижний Новгород
100993668919,"Души, душевые панели, гарнитуры/Grohenberg",Гигиенический душ скрытого монтажа Grohenberg GB001W белый,https://pokupki.market.yandex.ru/product/gigienicheskii-dush-skrytogo-montazha-grohenberg-gb001w-belyi/100993668919?show-uid=16110093202485518446806006&offerid=iIMCabRRIlWaeB3l5mCdUA&lr=47&lr=47,6159,6159,6159,0,RUB,Склад  продавца,1,,,0,,0,166,Grohenberg,4,1,gigienicheskiy-dush.ru,avatars.mds.yandex.net/get-mpic/1923922/img_id2225384346669280623.jpeg/orig,0,,19-01-2021 01:38:00,Нижний Новгород
101167139160,"Души, душевые панели, гарнитуры/Grohenberg",Гигиенический душ скрытого монтажа Grohenberg GB001Gold,https://pokupki.market.yandex.ru/product/gigienicheskii-dush-skrytogo-montazha-grohenberg-gb001gold/101167139160?show-uid=16110093202485518446806007&offerid=1zVTg7Nzw3tsqirncuIXIA&lr=47&lr=47,8925,8925,8925,0,RUB,Склад  Яндекс.Маркет ,1,,,0,,0,0,Grohenberg,1,1,Гигиенический душ.ру интернет магазин сантехники,avatars.mds.yandex.net/get-mpic/1884605/img_id6251019730663930727.jpeg/orig,0,,19-01-2021 01:38:30,Нижний Новгород
101065328193,"Души, душевые панели, гарнитуры/Grohenberg",Гигиенический душ с настенным смесителем Grohenberg Gb101N хром,https://pokupki.market.yandex.ru/product/gigienicheskii-dush-s-nastennym-smesitelem-grohenberg-gb101n-khrom/101065328193?show-uid=16110093202485518446806009&offerid=XCBI5HdsSC6_PAK3b1Ww7g&lr=47&lr=47,5967,5967,5967,0,RUB,Склад  Яндекс.Маркет ,1,,,0,,0,199,Grohenberg,1,1,Гигиенический душ.ру интернет магазин сантехники,avatars.mds.yandex.net/get-mpic/1538707/img_id3378908134286196967.jpeg/orig,0,,19-01-2021 01:39:23,Нижний Новгород
100993147839,"Души, душевые панели, гарнитуры/Grohenberg",Гигиенический душ скрытого монтажа Grohenberg GB1001 хром,https://pokupki.market.yandex.ru/product/gigienicheskii-dush-skrytogo-montazha-grohenberg-gb1001-khrom/100993147839?show-uid=16110093202485518446806010&offerid=THG2yzoer3pXr03ytPPcBQ&lr=47&lr=47,5906,5906,5906,0,RUB,Склад  продавца,1,,,0,,0,80,Grohenberg,4,1,gigienicheskiy-dush.ru,avatars.mds.yandex.net/get-mpic/1863454/img_id4778676125842029808.jpeg/orig,0,,19-01-2021 01:39:56,Нижний Новгород
101049012628,"Души, душевые панели, гарнитуры/Grohenberg",Гигиенический душ скрытого монтажа Grohenberg GB1003 бронза,https://pokupki.market.yandex.ru/product/gigienicheskii-dush-skrytogo-montazha-grohenberg-gb1003-bronza/101049012628?show-uid=16110093202485518446806011&offerid=_3CiRg0Yq02GUsfcghOU0Q&lr=47&lr=47,7548,7548,7548,0,RUB,Склад  продавца,1,,,0,,0,76,Grohenberg,4,1,gigienicheskiy-dush.ru,avatars.mds.yandex.net/get-mpic/1865652/img_id2129543581892669773.jpeg/orig,0,,19-01-2021 01:40:26,Нижний Новгород
100993671930,"Души, душевые панели, гарнитуры/Grohenberg",Гигиенический душ скрытого монтажа Grohenberg GB002W белый,https://pokupki.market.yandex.ru/product/gigienicheskii-dush-skrytogo-montazha-grohenberg-gb002w-belyi/100993671930?show-uid=16110093202485518446806013&offerid=bGQHYbf9wIv0V_DDJA6M0g&lr=47&lr=47,6798,6798,6798,0,RUB,Склад  продавца,1,,,0,,0,149,Grohenberg,4,1,gigienicheskiy-dush.ru,avatars.mds.yandex.net/get-mpic/1927422/img_id1760400960644065987.jpeg/orig,0,,19-01-2021 01:41:20,Нижний Новгород
100993176776,"Души, душевые панели, гарнитуры/Grohenberg",Гигиенический душ скрытого монтажа Grohenberg GB001 бронза,https://pokupki.market.yandex.ru/product/gigienicheskii-dush-skrytogo-montazha-grohenberg-gb001-bronza/100993176776?show-uid=16110093202485518446806014&offerid=ms69syFd-cSgzZa8to-Q1A&lr=47&lr=47,6145,6145,6145,0,RUB,Склад  продавца,1,,,0,,0,80,Grohenberg,4,1,gigienicheskiy-dush.ru,avatars.mds.yandex.net/get-mpic/1865652/img_id8593493824228810804.jpeg/orig,0,,19-01-2021 01:41:47,Нижний Новгород
100993551586,"Души, душевые панели, гарнитуры/Grohenberg",Стойка для душа Grohenberg GB502NO черная матовая,https://pokupki.market.yandex.ru/product/stoika-dlia-dusha-grohenberg-gb502no-chernaia-matovaia/100993551586?show-uid=16110093202485518446806015&offerid=0DvQjglmA6KQsvgqRbqnag&lr=47&lr=47,4434,4434,4434,0,RUB,Склад  продавца,1,,,0,,0,72,Grohenberg,5,3,gigienicheskiy-dush.ru,avatars.mds.yandex.net/get-mpic/1859063/img_id408654791396244278.png/orig,0,,19-01-2021 01:42:16,Нижний Новгород
100993149418,Смесители/Grohenberg,Смеситель для раковины Grohenberg GB2001 черный/хром,https://pokupki.market.yandex.ru/product/smesitel-dlia-rakoviny-grohenberg-gb2001-chernyi-khrom/100993149418?show-uid=16110093202485518446806016&offerid=uSoRP9a78pcvKrlC62WzxQ&lr=47&lr=47,7582,7582,7582,0,RUB,Склад  продавца,1,,,0,,0,37,Grohenberg,4,1,gigienicheskiy-dush.ru,avatars.mds.yandex.net/get-mpic/1865974/img_id2883895998336637.jpeg/orig,0,,19-01-2021 01:42:42,Нижний Новгород
